<?xml version="1.0" encoding="UTF-8"?>
<beans xmlns="http://www.springframework.org/schema/beans"
    xmlns:xsi="http://www.w3.org/2001/XMLSchema-instance"
    xsi:schemaLocation="
        http://www.springframework.org/schema/beans http://www.springframework.org/schema/beans/spring-beans.xsd">

	<bean class="com.sl.beans.Project" id="project1">
		<property name="projectId" value="123"></property>
		<property name="projectDescription" value="SwissRe is insrurance company"></property>
	</bean>
	
	<bean class="com.sl.beans.Project" id="project2" autowire-candidate="false">
		<property name="projectId" value="34343"></property>
		<property name="projectDescription" value="TCS is consultancey service"></property>
	</bean>

    <bean class="com.sl.beans.Employee" id="employeeId" autowire="byType">
	    <property name="name" value="Anand"> </property>
	    <property name="id" value="1335353"> </property>
	    
    </bean>

</beans>